﻿<?xml version='1.0' encoding='utf-8' ?>
<browsesequencelist version="1.0">
	
	<browsesequence name="ActiveX Scripting" >
		<item name="Handling Script Errors" link="Handling_Script_Errors.htm" />
		<item name="Overview of Script Objects" link="Overview_of_Script_Objects.htm" />
		<item name="Application Object" link="Application_Object.htm" />
		<item name="Arguments Object" link="Arguments_Object.htm" />
		<item name="Window Object" link="Window_Object.htm" />
		<item name="Session Object" link="Session_Object.htm" />
		<item name="Screen Object" link="Screen_Object.htm" />
		<item name="Dialog Object" link="Dialog_Object.htm" />
		<item name="FileTransfer Object" link="FileTransfer_Object.htm" />
	</browsesequence>
	<browsesequence name="Configuring the Keyboard" >
		<item name="Session Options/Terminal/Emulation" link="SO_Terminal_Emulation.htm" />
		<item name="Overview of Keymaps" link="Overview_of_Keymaps.htm" />
		<item name="Customizing a Keymap" link="Customizing_a_Keymap.htm" />
		<item name="Table of Keymap Functions" link="Table_of_Keymap_Functions.htm" />
		<item name="ASCII Control Codes" link="ASCII_Control_Codes.htm" />
		<item name="Send String And Function Key Commands" link="Send_String_And_Function_Ke.htm" />
		<item name="Emulation-Specific Keymappings" link="Emulation-Specific_Keymappi.htm" />
	</browsesequence>
	<browsesequence name="Connecting Through a Firewall" >
		<item name="Global Options/Firewall" link="GO_Firewall.htm" />
	</browsesequence>
	<browsesequence name="Creating and Editing Sessions" >
		<item name="Sessions Overview" link="Sessions_Overview.htm" />
		<item name="Changing Session Options" link="Changing_Session_Options.htm" />
		<item name="Global Options/General/Default Session" link="GO_General_Default_Session.htm" />
		<item name="Creating a New Session with Quick Connect" link="Creating_a_New_Session_with.htm" />
		<item name="Creating a New Session with Connect" link="Creating_a_New_Session_wit-1.htm" />
		<item name="Overview of Connection Protocols" link="Overview_of_Connection_Prot.htm" />
	</browsesequence>
	<browsesequence name="Customizing the Terminal Screen" >
		<item name="Overview of Color Schemes" link="Overview_of_Color_Schemes.htm" />
		<item name="Session Options/Terminal/Appearance" link="SO_Terminal_Appearance.htm" />
		<item name="Creating or Modifying a Color Scheme" link="Modifying_a_Color_Scheme.htm" />
	</browsesequence>
	<browsesequence name="Dialogs" >
		<item name="Connect Dialog" link="Connect_Dialog.htm" />
		<item name="Quick Connect Dialog" link="Quick_Connect_Dialog.htm" />
		<item name="Map Selected Key Dialog" link="Map_Selected_Key_Dialog.htm" />
		<item name="Public-Key Assistant Dialog" link="Public-Key_Assistant_Dialog.htm" />
		<item name="Public Key Properties Dialog" link="Public_Key_Properties_Dialo.htm" />
		<item name="GSSAPI Properties Dialog" link="GSSAPI_Properties_Dialog.htm" />
		<item name="Local Port Forwarding Properties Dialog" link="Local_Port_Forwarding_Prope.htm" />
		<item name="Remote Port Forwarding Properties Dialog" link="Remote_Port_Forwarding_Prop.htm" />
		<item name="Select Files to Send... Dialogs" link="Select_Files_to_Send..._Dia.htm" />
		<item name="Specify Filename to Receive... Dialogs" link="Specify_Filename_to_Receive.htm" />
		<item name="Upload Public Key Dialog" link="Upload_Public_Key_Dialog.htm" />
		<item name="Global Options Dialog" link="Global_Options_Dialog.htm" />
		<item name="Global Options/General/Default Session" link="GO_General_Default_Session.htm" />
		<item name="Global Options/Terminal/Appearance" link="GO_Terminal_Appearance.htm" />
		<item name="Global Options/Terminal/Appearance/ANSI Color" link="GO_Terminal_Appearance_ANSI_Color.htm" />
		<item name="Global Options/Terminal/Appearance/Color Scheme" link="GO_Terminal_Appearance_Advanced.htm" />
		<item name="Global Options/Firewall" link="GO_Firewall.htm" />
		<item name="Global Options/SSH2" link="GO_SSH2.htm" />
		<item name="Global Options/SSH Host Keys" link="GO_SSH_Host_Keys.htm" />
		<item name="Global Options/Terminal/Printing" link="GO_Terminal_Printing.htm" />
		<item name="Session Options Dialog" link="Session_Options_Dialog.htm" />
		<item name="Session Options/Connection" link="SO_Connection.htm" />
		<item name="Session Options/Connection/Logon Scripts" link="SO_Connection_Login_Actions.htm" />
		<item name="Session Options/Connection/SSH1" link="SO_Connection_SSH1.htm" />
		<item name="Session Options/Connection/SSH2" link="SO_Connection_SSH2.htm" />
		<item name="Session Options/Connection/Telnet" link="SO_Connection_Telnet.htm" />
		<item name="Session Options/Connection/Serial" link="SO_Connection_Serial.htm" />
		<item name="Session Options/Connection/Port Forwarding" link="SO_Connection_Port_Forwarding.htm" />
		<item name="Session Options/Connection/Port Forwarding/Remote/X11" link="SO_Connection_Port_Forwarding_Remote.htm" />
		<item name="Session Options/Terminal/Emulation" link="SO_Terminal_Emulation.htm" />
		<item name="Session Options/Terminal/Emulation/Modes" link="SO_Terminal_Emulation_Modes.htm" />
		<item name="Session Options/Terminal/Emulation/Emacs" link="SO_Terminal_Emulation_Emacs.htm" />
		<item name="Session Options/Terminal/Emulation/Mapped Keys" link="SO_Terminal_Emulation_Mapped_Keys.htm" />
		<item name="Session Options/Terminal/Emulation/Advanced" link="SO_Terminal_Emulation_Advanced.htm" />
		<item name="Session Options/Terminal/Appearance" link="SO_Terminal_Appearance.htm" />
		<item name="Session Options/Terminal/Appearance/Window" link="SO_Terminal_Appearance_Window.htm" />
		<item name="Session Options/Terminal" link="SO_Terminal.htm" />
		<item name="Session Options/File Transfer" link="SO_File_Transfer.htm" />
		<item name="Session Options/Terminal/Xmodem/Zmodem" link="SO_Terminal_X_Y_Zmodem.htm" />
		<item name="Session Options/Terminal/Log File" link="SO_Terminal_Log_File.htm" />
		<item name="Session Options/Terminal/Printing" link="SO_Terminal_Printing.htm" />
	</browsesequence>
	<browsesequence name="Getting Started" >
		<item name="Connection_Overview" link="Connection_Overview.htm" />
		<item name="Creating a New Session with Quick Connect" link="Creating_a_New_Session_with.htm" />
		<item name="Connecting with the Connect Dialog" link="Connecting_with_the_Connect.htm" />
		<item name="Starting a Session Automatically" link="Starting_a_Session_Automati.htm" />
		<item name="Reconnecting Automatically" link="Reconnecting_Automatically.htm" />
	</browsesequence>
	<browsesequence name="Introduction" >
		<item name="Welcome" link="Welcome.htm" />
		<item name="What is SecureCRT?" link="What_is_SecureCRT_.htm" />
		<item name="New in SecureCRT" link="New_in_SecureCRT.htm" />
		<item name="System Requirements" link="System_Requirements.htm" />
		<item name="License Agreement" link="License_Agreement.htm" />
		<item name="How to Order" link="How_to_Register.htm" />
		<item name="Product Announcements" link="Product_Announcements.htm" />
		<item name="Copyright and Trademark Notices" link="Copyright_and_Trademark_Not.htm" />
		<item name="Reporting Problems" link="Reporting_Problems.htm" />
		<item name="Feature Requests and Questions" link="Feature_Requests_and_Questi.htm" />
		<item name="Support FAQ" link="Support_FAQ.htm" />
	</browsesequence>
	<browsesequence name="Menus" >
		<item name="Menus" link="Menus.htm" />
		<item name="File Menu" link="File_Menu.htm" />
		<item name="Edit Menu" link="Edit_Menu.htm" />
		<item name="View Menu" link="View_Menu.htm" />
		<item name="Options Menu" link="Options_Menu.htm" />
		<item name="Transfer Menu" link="Transfer_Menu.htm" />
		<item name="Script Menu" link="Script_Menu.htm" />
		<item name="Tools Menu" link="Tools_Menu.htm" />
		<item name="Help Menu" link="Help_Menu.htm" />
	</browsesequence>
	<browsesequence name="Printing" >
		<item name="Session Options/Terminal/Printing" link="SO_Terminal_Printing.htm" />
	</browsesequence>
	<browsesequence name="Secure Connections" >
		<item name="Security Considerations" link="Security_Considerations.htm" />
		<item name="Port Forwarding With SSH" link="Port_Forwarding_With_SSH.htm" />
		<item name="Public-Key Authentication for SSH1" link="Public-Key_Authentication_for_SSH1.htm" />
		<item name="Public-Key Authentication for SSH2" link="Public-Key_Authentication_for_SSH2.htm" />
		<item name="Changing the Passphrase for a Private Key" link="Changing_the_Passphrase_for.htm" />
		<item name="Key Terminology" link="Key_Terminology.htm" />
		<item name="Global Options/SSH Host Keys" link="GO_SSH_Host_Keys.htm" />
		<item name="Using the Agent" link="Using_the_Agent.htm" />
	</browsesequence>
	<browsesequence name="System Administration Issues" >
		<item name="Introduction to SysAdmin Issues" link="Introduction_to_SysAdmin_Is.htm" />
		<item name="Specifying the Configuration Folder" link="Specifying_the_Configuratio.htm" />
		<item name="Using the Agent" link="Using_the_Agent.htm" />
	</browsesequence>
	<browsesequence name="Terminal Emulation Settings" >
		<item name="Session Options/Terminal/Emulation" link="SO_Terminal_Emulation.htm" />
		<item name="Session Options/Terminal/Emulation/Emacs" link="SO_Terminal_Emulation_Emacs.htm" />
		<item name="Global Options/Terminal/Appearance/ANSI Color" link="GO_Terminal_Appearance_ANSI_Color.htm" />
		<item name="Session Options/Terminal/Emulation/Modes" link="SO_Terminal_Emulation_Modes.htm" />
		<item name="Session Options/Terminal/Emulation/Advanced" link="SO_Terminal_Emulation_Advanced.htm" />
		<item name="Xterm Escape Sequences" link="Xterm_Escape_Sequences.htm" />
	</browsesequence>
	<browsesequence name="Using the Software" >
		<item name="The Status Bar" link="The_Status_Bar.htm" />
		<item name="Arranging Entries in the Connect Dialog" link="Arranging_Entries_in_the_Co.htm" />
		<item name="Copying and Pasting" link="Copying_and_Pasting.htm" />
		<item name="File Menu" link="File_Menu.htm" />
		<item name="Switching Between Multiple Sessions" link="Switching_Between_Multiple_.htm" />
		<item name="Session Options/Terminal" link="SO_Terminal.htm" />
		<item name="Session Options/Terminal/Log File" link="SO_Terminal_Log_File.htm" />
		<item name="Overview of Command-Line Options" link="Overview_of_Command_Line_Op.htm" />
		<item name="Table of Standard Command-Line Options" link="Table_of_Standard_Command_L.htm" />
		<item name="Table of Protocol-Specific Command-Line Options" link="Table_of_Protocol-Specific_.htm" />
		<item name="Overview of Xmodem" link="Overview_of_XModem.htm" />
		<item name="Changing the Default File Transfer Directories" link="Changing_the_Default_File_T.htm" />
		<item name="Downloading a File with Xmodem" link="Downloading_a_File_with_XMo.htm" />
		<item name="Uploading a File with Xmodem" link="Uploading_a_File_with_XMode.htm" />
		<item name="Overview of Zmodem" link="Overview_of_ZModem.htm" />
		<item name="Changing the Default File Transfer Directories" link="Changing_the_Default_File_T.htm" />
		<item name="Downloading a File with Zmodem" link="Downloading_a_File_w_Zmodem.htm" />
		<item name="Uploading a File with Zmodem" link="Uploading_a_File_w_Zmodem.htm" />
		<item name="Disabling Zmodem" link="Disabling_ZModem.htm" />
		<item name="Using Compression" link="Using_Compression.htm" />
	</browsesequence>
</browsesequencelist>

