﻿<?xml version='1.0' encoding='utf-8' ?>
<resource>
  <element name="Hide" value="Hide" />
  <element name="Prev" value="&lt;&lt;" />
  <element name="Logo/Author" value="Powered By" />
  <element name="SyncToc" value="SyncToc" />
  <element name="Next" value="&gt;&gt;" />
  <element name="Seperate" value=" |" />
  <element name="Contents" value="Contents" />
  <element name="Search" value="Search" />
  <element name="Glossary" value="Glossary" />
  <element name="Disabled Prev" value="&lt;&lt;" />
  <element name="Disabled Next" value="&gt;&gt;" />
  <element name="Show" value="Show" />
  <element name="Index" value="Index" />
</resource>

