﻿<?xml version="1.0" encoding="UTF-8"?>
<ck><di ky="61" rd="GSSAPI_Properties_Dialog.htm|GSSAPI Properties Dialog" ct="   GSSAPI Properties  Dialog      The  GSSAPI Properties  dialog can be  accessed by ..."/><di ky="62" rd="Handling_Script_Errors.htm|Handling Script Errors" ct="      Handling Script  Errors     When scripting,  Secure CRT provides several  Ap ..."/><di ky="63" rd="Help_Menu.htm|Help Menu" ct="      Help Menu     This topic lists the options available on the  Help   menu.  ..."/><di ky="64" rd="How_to_Register.htm|How to Order" ct="      How to Order     The following information  is for individual licenses.  F ..."/><di ky="65" rd="Introduction_to_SysAdmin_Is.htm|Introduction to SysAdmin Issues" ct="       Introduction to  System Administration Issues     The topics included i ..."/><di ky="66" rd="Key_Terminology.htm|Key Terminology" ct="       Key Terminology     Most  encryption  technologies are based around a ..."/><di ky="67" rd="Keyboard_Accelerators.htm|Keyboard Accelerators" ct="   Keyboard Accelerators      This page lists keyboard accelerators (shortcut keys) that ..."/><di ky="68" rd="Keyword_List_Properties_Dialog.htm|Keyword List Properties Dialog" ct="       Keyword List  Properties Dialog     The  Keyword List Properties  dialo ..."/><di ky="69" rd="License_Agreement.htm|License Agreement" ct="      License Agreement        End-User License Agreement for SecureCRT 7.3 (&quot;Soft ..."/><di ky="70" rd="Local_Port_Forwarding_Prope.htm|Local Port Forwarding Properties Dialog" ct="       Local  Port Forwarding Properties Dialog     The  Local Port Forwardi ..."/><di ky="71" rd="Locking_a_Session.htm|Locking a Session" ct="   Locking a Session      Sessions can be locked or unlocked by selecting the  Lock/Unlo ..."/><di ky="72" rd="Map_Button_Dialog.htm|Map Button Dialog" ct="   Map Button Dialog      The  Map Button   dialog can be accessed by right-clicking a ..."/><di ky="73" rd="Map_Selected_Key_Dialog.htm|Map Selected Key Dialog" ct="      Map  Selected Key Dialog     The  Map Selected Key  dialog can be accessed  ..."/><di ky="74" rd="Menus.htm|Menus" ct="      Menus     Secure CRT application window has a number of menus that  provide  ..."/><di ky="75" rd="Modifying_a_Color_Scheme.htm|Creating or Modifying a Color Scheme" ct="       Creating or Modifying  a Color Scheme     You can modify a  color sch ..."/><di ky="76" rd="New_in_SecureCRT.htm|New in SecureCRT" ct="      New  in SecureCRT 7.3     SecureCRT 7.3 adds the dockable session manager to ..."/><di ky="77" rd="Options_Menu.htm|Options Menu" ct="       Options Menu     This topic lists the options available on the  Options   ..."/><di ky="78" rd="Overview_of_Color_Schemes.htm|Overview of Color Schemes" ct="       Overview of Color  Schemes     Secure CRT allows you to customize the ..."/><di ky="79" rd="Overview_of_Command_Line_Op.htm|Overview of Command-Line Options" ct="      Overview of Command-Line  Options     Command-Line Options  There are two  ..."/><di ky="80" rd="Overview_of_Connection_Prot.htm|Overview of Connection Protocols" ct="       Overview of Connection  Protocols     SecureCRT supports the followin ..."/><di ky="81" rd="Overview_of_Keymaps.htm|Overview of Keymaps" ct="       Overview of Keymaps     Terminal  emulators, such as  Secure CRT, use ..."/><di ky="82" rd="Overview_of_Script_Objects.htm|Overview of Script Objects" ct="      Overview of  Secure CRT  Script Objects     Scripts interact with  Secure CR ..."/><di ky="83" rd="Overview_of_XModem.htm|Overview of Xmodem" ct="      Overview of Xmodem     Xmodem is a simple file transfer protocol that supports ..."/><di ky="84" rd="Overview_of_Ymodem.htm|Overview of Ymodem" ct="   Overview of Ymodem      Ymodem is a simple file transfer protocol that supports basic ..."/><di ky="85" rd="Overview_of_ZModem.htm|Overview of Zmodem" ct="       Overview of Zmodem     Zmodem  is a full-duplex file transfer protoco ..."/><di ky="86" rd="Port_Forwarding_With_SSH.htm|Port Forwarding with SSH" ct="       Port Forwarding  with SSH     Overview of Port Forwarding  Port for ..."/><di ky="87" rd="Product_Announcements.htm|Product Announcements" ct="      Product Announcements     If you would like to receive email notification of n ..."/><di ky="88" rd="Public-Key_Assistant_Dialog.htm|Public-Key Assistant Dialog" ct="       Public-Key Assistant Dialog     The  Public-Key Assistant  dialog is acce ..."/><di ky="89" rd="Public-Key_Authentication_for_SSH1.htm|Public-Key Authentication for SSH1" ct="       Public-Key Authentication for SSH1     Overview of RSA Authentication  ..."/><di ky="90" rd="Public-Key_Authentication_for_SSH2.htm|Public-Key Authentication for SSH2" ct="       Public-Key Authentication for SSH2     Overview of Public-Key Authenticat ..."/><di ky="91" rd="Public_Key_Properties_Dialo.htm|Public Key Properties Dialog" ct="       Public Key  Properties Dialog     The  Public Key Properties  dialog  ..."/><di ky="92" rd="Quick_Connect_Dialog.htm|Quick Connect Dialog" ct="       Quick Connect Dialog     The  Quick Connect  dialog (shown below) allow ..."/><di ky="93" rd="Raw_Quick_Connect_Options.htm|Raw Quick Connect Options" ct="       Raw Quick Connect  Options     When  Raw  is selected as the  Protocol ..."/><di ky="94" rd="Reconnecting_Automatically.htm|Reconnecting Automatically" ct="       Reconnecting Automatically     Secure CRT can be set up to automatically  ..."/><di ky="95" rd="Remote_Port_Forwarding_Prop.htm|Remote Port Forwarding Properties Dialog" ct="       Remote Port  Forwarding Properties Dialog     The  Remote Port Forwar ..."/><di ky="96" rd="Reporting_Problems.htm|Reporting Problems" ct="      Reporting Problems     You can submit any problems you are having with  Secure ..."/><di ky="97" rd="Screen_Object.htm|Screen Object" ct="       Screen Object        Description  The Screen object provides  acc ..."/><di ky="98" rd="Script_Menu.htm|Script Menu" ct="      Script Menu     This topic lists the options available on the  Script   menu ..."/><di ky="99" rd="SecureCRT_Menu.htm|SecureCRT Menu" ct="       SecureCRT  Menu      This topic lists the options available on the  Sec ..."/><di ky="100" rd="Security_Considerations.htm|Security Considerations" ct="       Security Considerations     Session  security depends on several  fac ..."/><di ky="101" rd="Select_Files_to_Send..._Dia.htm|Select Files to Send... Dialogs" ct="       Select Files to  Send...Dialogs     The  Select Files to Send...    ..."/><di ky="102" rd="Send_String_And_Function_Ke.htm|Send String And Function Key Commands" ct="       Send String and  Function Key Commands     The following commands can ..."/><di ky="103" rd="Sending_a_Serial_Break.htm|Sending a Serial Break" ct="   Sending a Serial  Break      When using a serial connection, there are several ways ..."/><di ky="104" rd="SendKeys_Keystroke_Table.htm|SendKeys Keystroke Table" ct="   SendKeys Keystroke Table      Some keystrokes do not generate characters (such as  EN ..."/><di ky="105" rd="Serial_Quick_Connect_Option.htm|Serial Quick Connect Options" ct="       Serial Quick Connect Options     When  Serial  is selected as the  Protoc ..."/><di ky="106" rd="Session_Manager.htm|Session Manager" ct="       Session Manager     The dockable session manager lets you quickly connect ..."/><di ky="107" rd="Session_Object.htm|Session Object" ct="       Session Object        Description  The Session object provides  a ..."/><di ky="108" rd="Session_Options_Dialog.htm|Session Options Dialog" ct="      Session Options Dialog     The  Session Options  dialog allows you to  creat ..."/><di ky="109" rd="Session_Tabs.htm|Session Tabs" ct="   Session Tabs      Secure CRT allows  you to display multiple sessions either in sep ..."/><di ky="110" rd="SessionConfiguration_Object.htm|SessionConfiguration Object" ct="   SessionConfiguration  Object      Description  The SessionConfiguration  object ..."/><di ky="111" rd="Sessions_Overview.htm|Sessions Overview" ct="       Sessions Overview     SecureCRT supports connections with a variety of  ..."/><di ky="112" rd="SFTP_Tab_Command_Options.htm|SFTP Tab Command Options" ct="   SFTP Tab Command  Options      SFTP Tab command options are described below. Comman ..."/><di ky="113" rd="SO_Connection.htm|Session Options/Connection" ct="       Connection     The  Connections  category of the  Session Options   d ..."/><di ky="114" rd="SO_Connection_FTP.htm|Session Options/Connection/FTP" ct="   Connection / FTP      This category only appears if VanDyke Software&apos;s  SecureFX® 3 ..."/><di ky="115" rd="SO_Connection_FTP_SSL_Options.htm|Session Options/Connection/FTP/SSL Options" ct="   Connection / FTP  / SSL Options      This category only appears if VanDyke Software ..."/><di ky="116" rd="SO_Connection_Login_Actions.htm|Session Options/Connection/Logon Actions" ct="       Connection  / Logon Actions     The  Logon Actions  category of the  ..."/><di ky="117" rd="SO_Connection_Port_Forwarding.htm|Session Options/Connection/Port Forwarding" ct="       Connection  / Port Forwarding     The  Port Forwarding  category of t ..."/><di ky="118" rd="SO_Connection_Port_Forwarding_Remote.htm|Session Options/Connection/Port Forwarding/Remote/X11" ct="       Connection  / Port Forwarding / Remote/X11     The  Port Forwarding/R ..."/><di ky="119" rd="SO_Connection_Raw.htm|Session Options/Connection/Raw" ct="       Connection  / Raw     The  Raw  category of the  Session Options    ..."/><di ky="120" rd="SO_Connection_Serial.htm|Session Options/Connection/Serial" ct="       Connection  / Serial     The  Serial  category of the  Session Option ..."/><di ky="121" rd="SO_Connection_SSH1.htm|Session Options/Connection/SSH1" ct="       Connection  / SSH1     The  SSH1  category of the  Session Options   ..."/><di ky="122" rd="SO_Connection_SSH1_Advanced.htm|Session Options/Connection/SSH1/Advanced" ct="   Connection / SSH1  / Advanced      The  SSH1/Advanced  category of the  Session  ..."/><di ky="123" rd="SO_Connection_SSH2.htm|Session Options/Connection/SSH2" ct="       Connection  / SSH2     The  SSH2  category of the  Session Options   ..."/></ck>