﻿<?xml version="1.0" encoding="UTF-8"?>
<ck><di ky="124" rd="SO_Connection_SSH2_Advanced.htm|Session Options/Connection/SSH2/Advanced" ct="   Connection / SSH2  / Advanced      The  SSH2/Advanced  category of the  Session  ..."/><di ky="125" rd="SO_Connection_SSH2_SFTP_Session.htm|Session Options/Connection/SSH2/SFTP Session" ct="   Connection / SSH2  / SFTP Session      The  SSH2/SFTP Session  category of the  Ses ..."/><di ky="126" rd="SO_Connection_Telnet.htm|Session Options/Connection/Telnet" ct="       Connection  / Telnet     The  Telnet  category of the  Session Option ..."/><di ky="127" rd="SO_File_Transfer.htm|Session Options/File Transfer" ct="       File Transfer     The  File Transfer  category of the  Session Options ..."/><di ky="128" rd="SO_File_Transfer_FTP_SFTP.htm|Session Options/File Transfer/FTP/SFTP" ct="   File Transfer /  FTP/SFTP      This category only appears if VanDyke Software&apos;s   ..."/><di ky="129" rd="SO_Terminal.htm|Session Options/Terminal" ct="       Terminal     The  Terminal  category of the  Session Options   dialog ..."/><di ky="130" rd="SO_Terminal_Appearance.htm|Session Options/Terminal/Appearance" ct="       Terminal /  Appearance     The  Appearance  category of the  Session  ..."/><di ky="131" rd="SO_Terminal_Appearance_ANSI_Color.htm|Sessionl Options/Terminal/Appearance/ANSI Color" ct="       Terminal /  Appearance / ANSI Color     The  Terminal/Appearance/ANSI ..."/><di ky="132" rd="SO_Terminal_Appearance_Window.htm|Session Options/Terminal/Appearance/Window" ct="       Terminal /  Appearance / Window     The  Appearance/Window  category  ..."/><di ky="133" rd="SO_Terminal_Emulation.htm|Session Options/Terminal/Emulation" ct="       Terminal /  Emulation     The  Emulation  category of the  Session Op ..."/><di ky="134" rd="SO_Terminal_Emulation_Advanced.htm|Session Options/Terminal/Emulation/Advanced" ct="       Terminal /  Emulation / Advanced     The  Emulation/Advanced  categor ..."/><di ky="135" rd="SO_Terminal_Emulation_Emacs.htm|Session Options/Terminal/Emulation/Emacs" ct="       Terminal / Emulation / Emacs     The  Emulation/Emacs  category of the  S ..."/><di ky="136" rd="SO_Terminal_Emulation_Mapped_Keys.htm|Session Options/Terminal/Emulation/Mapped Keys" ct="       Terminal /  Emulation / Mapped Keys     The  Emulation/Mapped Keys  c ..."/><di ky="137" rd="SO_Terminal_Emulation_Modes.htm|Session Options/Terminal/Emulation/Modes" ct="       Terminal /  Emulation / Modes     The  Emulation/Modes  category of t ..."/><di ky="138" rd="SO_Terminal_Log_File.htm|Session Options/Terminal/Log File" ct="       Terminal  / Log File     The  Log File  category of the  Session Opti ..."/><di ky="139" rd="SO_Terminal_Printing.htm|Session Options/Terminal/Printing" ct="       Terminal /  Printing     The  Printing  category of the  Session Opti ..."/><di ky="140" rd="SO_Terminal_X_Y_Zmodem.htm|Session Options/Terminal/X/Y/Zmodem" ct="      Terminal /  X/Y/Zmodem     The  Terminal/X/Y/Zmodem  category of the  Sessio ..."/><di ky="141" rd="Specify_Filename_to_Receive.htm|Specify Filename to Receive... Dialogs" ct="      Specify Filename  to Receive... Dialogs     The  Specify Filename to Receive ..."/><di ky="142" rd="Specifying_the_Configuratio.htm|Specifying the Configuration Folder" ct="       Specifying the  Configuration Folder     This topic explains how to s ..."/><di ky="143" rd="SSH1_Quick_Connect_Options.htm|SSH1 Quick Connect Options" ct="       SSH1 Quick  Connect Options     When  ssh1  is selected as the  Proto ..."/><di ky="144" rd="SSH2_Quick_Connect_Options.htm|SSH2 Quick Connect Options" ct="       SSH2 Quick  Connect Options     When  ssh2  is selected as the  Proto ..."/><di ky="145" rd="Starting_a_Session_Automati.htm|Starting a Session Automatically" ct="       Starting a Session  Automatically     Secure CRT can be configured to ..."/><di ky="146" rd="Support_FAQ.htm|Support FAQ" ct="      Support FAQ     The  Secure CRT FAQ (Frequently Asked Questions) can be found  ..."/><di ky="147" rd="Switching_Between_Multiple_.htm|Switching Between Multiple Sessions" ct="       Switching Between  Multiple Sessions     There are several ways to swit ..."/><di ky="148" rd="System_Requirements.htm|System Requirements" ct="       System Requirements     Minimum System Requirements  ..."/><di ky="149" rd="Tab_Object.htm|Tab Object" ct="   Tab Object      Description  The Tab object provides access to the tab functions  ..."/><di ky="150" rd="Table_of_Keymap_Functions.htm|Table of Keymap Functions" ct="       Table of Keymap  Functions     Key combinations can be mapped to any  ..."/><di ky="151" rd="Table_of_Protocol-Specific_.htm|Table of Protocol-Specific Command-Line Options" ct="       Table of Protocol-Specific  Command-Line Options     Any of the  stan ..."/><di ky="152" rd="Table_of_Standard_Command_L.htm|Table of Standard Command-Line Options" ct="       Table of Standard  Command-Line Options        	 		 Standard Op ..."/><di ky="153" rd="Telnet_Quick_Connect_Option.htm|Telnet Quick Connect Options" ct="       Telnet Quick  Connect Options     When  Telnet  is selected as the  P ..."/><di ky="154" rd="The_Button_Bar.htm|The Button Bar" ct="   The Button Bar      The SecureCRT button bar is a user-configurable row of buttons th ..."/><di ky="155" rd="The_Connect_Bar.htm|The Connect Bar" ct="       The Connect Bar     The SecureCRT connect bar provides a command-based me ..."/><di ky="156" rd="The_OSX_Toolbar_Mac.htm|The Toolbar" ct="       The  Toolbar      The SecureCRT toolbar is user-manageable in that th ..."/><di ky="157" rd="The_Status_Bar.htm|The Status Bar" ct="       The Status Bar     The  Secure CRT status bar (shown below) is made up  ..."/><di ky="158" rd="Tools_Menu.htm|Tools Menu" ct="       Tools  Menu     This topic lists the options available on the  Tools ..."/><di ky="159" rd="Transfer_Menu.htm|Transfer Menu" ct="       Transfer Menu     This topic lists the options available on the  Transf ..."/><di ky="160" rd="Upload_Public_Key_Dialog.htm|Upload Public Key Dialog" ct="       Upload Public Key Dialog     The  Upload Public Key  dialog can be access ..."/><di ky="161" rd="Uploading_a_File_w_Zmodem.htm|Uploading a File with Zmodem" ct="       Uploading a File  with Zmodem     To upload a file to a remote machin ..."/><di ky="162" rd="Uploading_a_File_with_XMode.htm|Uploading a File with Xmodem" ct="      Uploading a File  with Xmodem     To upload a file to a remote machine, comp ..."/><di ky="163" rd="Uploading_a_File_with_Ymodem.htm|Uploading a File with Ymodem" ct="   Uploading a File  with Ymodem      To upload a file to a remote machine, complete t ..."/><di ky="164" rd="Using_an_Exported_Public_Key.htm|Using an Exported Public Key" ct="   Using an Exported Public Key     In order to use a public key that has been exported, y ..."/><di ky="165" rd="Using_Compression.htm|Using Compression" ct="       Using Compression     Data that is to be transferred over an  SSH    ..."/><di ky="166" rd="Using_NTLM.htm|Using NTLM" ct="   Using NTLM      To use NT LAN Manager (NTLM) (a Windows authentication protocol) with ..."/><di ky="167" rd="Using_the_Agent.htm|Using the Agent" ct="       Using the Agent     Overview  Agents are programs that work in the ba ..."/><di ky="168" rd="View_Menu.htm|View Menu" ct="       View Menu     This topic lists the options available on the  View   m ..."/><di ky="169" rd="Welcome.htm|Welcome" ct="       Welcome      This help manual documents the VanDyke Software® SecureCRT ..."/><di ky="170" rd="What_is_SecureCRT_.htm|What is SecureCRT?" ct="       What  is SecureCRT?     SecureCRT protects your passwords, user accou ..."/><di ky="171" rd="Window_Menu.htm|Window Menu" ct="      Window Menu     This topic lists the options available on the  Window   menu ..."/><di ky="172" rd="Window_Object.htm|Window Object" ct="      Window Object        Description  The Window object provides  access to  ..."/><di ky="173" rd="Xterm_Escape_Sequences.htm|Xterm Escape Sequences" ct="       Xterm Escape Sequences     Secure CRT supports many standard escape seq ..."/><di ky="174" rd="Zooming_a_Session.htm|Zooming a Session" ct="       Zooming a Session     On Windows and Mac platforms, SecureCRT allows you  ..."/></ck>