﻿<?xml version="1.0" encoding="UTF-8"?>
<ck><di ky="0" rd="Accepting_a_Host_Key.htm|Accepting a Host Key" ct="       Accepting  a Host Key     The  New Host Key  dialog appears when Secu ..."/><di ky="1" rd="Advanced_Serial_Configuration_Settings.htm|Advanced Serial Configuration Settings" ct="       Advanced  Serial Configuration Settings     The following information m ..."/><di ky="2" rd="Answerback_Substitutions.htm|Answerback Substitutions" ct="   Answerback Substitutions      When the  Answerback  option  has been selected,  Secur ..."/><di ky="3" rd="Application_Object.htm|Application Object" ct="      Application  Object        Description  Top-level object. Provides  ac ..."/><di ky="4" rd="Arguments_Object.htm|Arguments Object" ct="    Arguments Object        Description  The Arguments object allows scripts to acce ..."/><di ky="5" rd="Arranging_Entries_in_the_Co.htm|Arranging Entries in the Connect Dialog" ct="       Arranging Entries  in the Connect Dialog     Note:  The  following me ..."/><di ky="6" rd="ASCII_Control_Codes.htm|ASCII Control Codes" ct="      ASCII Control Codes     This table lists the values for the ASCII control Char ..."/><di ky="7" rd="Changing_Session_Options.htm|Changing Session Options" ct="       Changing Session  Options     Changing  session  options is done with ..."/><di ky="8" rd="Changing_the_Default_File_T.htm|Changing the Default File Transfer Directories" ct="      Changing the Default  File Transfer Directories     Files downloaded from a  ..."/><di ky="9" rd="Changing_the_Passphrase_for.htm|Changing the Passphrase for a Private Key" ct="       Changing the  Passphrase for a Private Key     If you would like to c ..."/><di ky="10" rd="Clipboard_Object.htm|Clipboard Object" ct="   Clipboard Object         Description  The Clipboard object  provides access to  ..."/><di ky="11" rd="CommandWindow_Object.htm|CommandWindow Object" ct="      CommandWindow  Object        Description  Provides access to the  comm ..."/><di ky="12" rd="Configure_OpenSSH_to_Recogn.htm|Configure OpenSSH to Recognize Identity File" ct="     Configure OpenSSH to Recognize Your Public-Key File     In order to use your pu ..."/><di ky="13" rd="Configure_SSH_Communication.htm|Configure SSH Communications to Recognize Public-Key File" ct="     Configure an SSH Communications Server to Recognize Your Public-Key File     In ..."/><di ky="14" rd="Configuring_Port-Forwarding_Filters.htm|Configuring Port-Forwarding Filters" ct="   Configuring Port-Forwarding  Filters      Secure CRT port-forwarding filters let yo ..."/><di ky="15" rd="Configuring_VShell_to_Recog.htm|Configuring VShell to Recognize Public-Key File" ct="     Configuring a VanDyke Software VShell® Server to Recognize Your Public-Key File    ..."/><di ky="16" rd="Connect_Dialog.htm|Connect Dialog" ct="       Connect Dialog     The  Connect  dialog (shown below) allows  you to  ..."/><di ky="17" rd="Connecting_with_the_Connect.htm|Connecting with the Connect Dialog" ct="       Connecting with the Connect  Dialog     The  Connect   dialog can b ..."/><di ky="18" rd="Connection_Overview.htm|Connection_Overview" ct="       Connection Overview     This section provides crucial information to th ..."/><di ky="19" rd="Copying_and_Pasting.htm|Copying and Pasting" ct="       Copying  and Pasting     SecureCRT provides you with a variety of way ..."/><di ky="20" rd="Copyright_and_Trademark_Not.htm|Copyright and Trademark Notices" ct="      Copyright  and Trademark Notices     SecureCRT® 7.3 Documentation Copyright  ..."/><di ky="21" rd="Creating_a_New_Session_wit-1.htm|Creating a New Session with Connect" ct="       Creating a New  Session with Connect     In contrast to the  Quick Co ..."/><di ky="22" rd="Creating_a_New_Session_with.htm|Creating a New Session with Quick Connect" ct="       Creating a New  Session with Quick Connect     The  Quick Connect  di ..."/><di ky="23" rd="Creating_a_Personal_Font_Map.htm|Creating a Personal Font Map" ct="   Creating a Personal Font Map      Secure CRT provides a method for you to create a pe ..."/><di ky="24" rd="Creating_Python_Scripts.htm|Creating Python Scripts" ct="      Creating  Python Scripts     S ecureCRT contains an embedded Python interpre ..."/><di ky="25" rd="Customizing_a_Keymap.htm|Customizing a Keymap" ct="       Customizing a Keymap     Secure CRT provides two mechanisms for customize ..."/><di ky="26" rd="Determine_Escape_Sequence_Key_Codes.htm|Determine Escape Sequence Key Codes" ct="   Determine Escape  Sequence Key Codes      If you need to determine the escape seque ..."/><di ky="27" rd="Dialog_Object.htm|Dialog Object" ct="      Dialog Object        Description  The Dialog object provides  access to  ..."/><di ky="28" rd="Disabling_ZModem.htm|Disabling Zmodem" ct="       Disabling Zmodem     To disable the  Zmodem  protocol features in  Se ..."/><di ky="29" rd="Downloading_a_File_w_Zmodem.htm|Downloading a File with Zmodem" ct="       Downloading a File with Zmodem     To download a file from a remote machi ..."/><di ky="30" rd="Downloading_a_File_with_XMo.htm|Downloading a File with Xmodem" ct="      Downloading a File  with Xmodem     To download a file from a remote machine ..."/><di ky="31" rd="Downloading_a_File_with_Ymodem.htm|Downloading a File with Ymodem" ct="   Downloading a File with Ymodem      To download a file from a remote machine, complet ..."/><di ky="32" rd="Edit_Menu.htm|Edit Menu" ct="       Edit Menu     This topic lists the options available on the  Edit   m ..."/><di ky="33" rd="Emulation-Specific_Keymappi.htm|Emulation-Specific Keymappings" ct="      Emulation-Specific Keymappings     The  Secure CRT built-in keymaps for Linux, ..."/><di ky="34" rd="Feature_Requests_and_Questi.htm|Feature Requests and Questions" ct="      Feature Requests and Questions     We are very interested  in hearing from o ..."/><di ky="35" rd="File_Menu.htm|File Menu" ct="       File Menu     This topic lists the options available on the  File   m ..."/><di ky="36" rd="FileTransfer_Object.htm|FileTransfer Object" ct="        FileTransfer Object        Description  The FileTransfer  object ..."/><di ky="37" rd="Firewall_Properties_Dialog.htm|Firewall Properties Dialog" ct="   Firewall Properties  Dialog      The  Firewall Properties  dialog can be  acces ..."/><di ky="38" rd="Global_Options_Dialog.htm|Global Options Dialog" ct="       Global Options  Dialog     The  Global Options  dialog is accessed by ..."/><di ky="39" rd="GO_File_Transfer.htm|Global Options/File Transfer" ct="   File Transfer      This category only appears if VanDyke Software&apos;s  SecureFX® 3.0  ..."/><di ky="40" rd="GO_File_Transfer_File_Types.htm|Global Options/File Transfer/File Types" ct="   File Transfer /  File Types      This category only appears if VanDyke Software&apos;s  ..."/><di ky="41" rd="GO_File_Transfer_Filters.htm|Global Options/File Transfer/Filters" ct="   File Transfer / Filters      This category only appears if VanDyke Software&apos;s SecureF ..."/><di ky="42" rd="GO_File_Transfer_FTP.htm|Global Options/File Transfer/FTP" ct="   File Transfer / FTP      This category only appears if VanDyke Software&apos;s SecureFX® 3 ..."/><di ky="43" rd="GO_File_Transfer_Options.htm|Global Options/File Transfer/Options" ct="   File Transfer /  Options      This category only appears if VanDyke Software&apos;s  S ..."/><di ky="44" rd="GO_File_Transfer_Options_Advanced.htm|Global Options/File Transfer/Options/Advanced" ct="   File Transfer /Options  / Advanced      This category only appears if VanDyke Softw ..."/><di ky="45" rd="GO_File_Transfer_Sound.htm|Global Options/File Transfer/Sound" ct="   File Transfer / Sound      This category only appears if VanDyke Software&apos;s SecureFX® ..."/><di ky="46" rd="GO_File_Transfer_SSL.htm|Global Options/File Transfer/SSL" ct="   File Transfer / SSL      This category only appears if VanDyke Software&apos;s SecureFX® 3 ..."/><di ky="47" rd="GO_File_Transfer_View.htm|Global Options/File Transfer/View" ct="   File Transfer /  View      This category only appears if VanDyke Software&apos;s  Secu ..."/><di ky="48" rd="GO_Firewall.htm|Global Options/Firewall" ct="      Firewall     The  Firewall  category of the  Global Options   dialog allows  ..."/><di ky="49" rd="GO_General.htm|Global Options/General" ct="   General      The  General  category of the  Global Options   dialog allows you to ..."/><di ky="50" rd="GO_General_Configuration_Paths.htm|Global Options/General/Configuration Paths" ct="       General /  Configuration Paths     The  General/Configuration Paths  ca ..."/><di ky="51" rd="GO_General_Default_Session.htm|Global Options/General/Default Session" ct="       General /  Default Session     The  General/Default Session  category ..."/><di ky="52" rd="GO_SSH2.htm|Global Options/SSH2" ct="       SSH2     The  SSH2  category of the  Global Options    dialog  allows ..."/><di ky="53" rd="GO_SSH_Host_Keys.htm|Global Options/SSH Host Keys" ct="       SSH Host Keys     The  SSH Host Keys  category of the  Global Options   ..."/><di ky="54" rd="GO_Terminal.htm|Global Options/Terminal" ct="   Terminal      The  Terminal  category of the  Global Options   dialog allows you to ..."/><di ky="55" rd="GO_Terminal_Advanced.htm|Global Options/Terminal/Advanced" ct="   Terminal / Advanced     The  Terminal/Advanced  category of the   Global Options   ..."/><di ky="56" rd="GO_Terminal_Appearance.htm|Global Options/Terminal/Appearance" ct="       Terminal  / Appearance     The  Terminal/Appearance  category of the  ..."/><di ky="57" rd="GO_Terminal_Appearance_Advanced.htm|Global Options/Terminal/Appearance/Advanced" ct="       Terminal /  Appearance / Advanced     The  Terminal/Appearance/Advanc ..."/><di ky="58" rd="GO_Terminal_Appearance_ANSI_Color.htm|Global Options/Terminal/Appearance/ANSI Color" ct="       Terminal /  Appearance / ANSI Color     The  Terminal/Appearance/ANSI ..."/><di ky="59" rd="GO_Terminal_Printing.htm|Global Options/Terminal/Printing" ct="       Terminal /  Printing     The  Terminal/Printing  category of the  Glo ..."/><di ky="60" rd="GO_Terminal_Tabs.htm|Global Options/Terminal/Tabs/Tiling" ct="   Terminal  / Tabs/Tiling      The  Terminal/Tabs/Tiling  category of the  Global Opt ..."/></ck>