﻿<?xml version='1.0' encoding='utf-8' ?>
<indexdata>
<key name="new keymaps" >
  <topic name="Session Options/Emulation/Mapped Keys" url="SO_Terminal_Emulation_Mapped_Keys.htm" />
</key>
<key name="New line mode" >
  <topic name="Session Options Emulation Modes#SO_Emulation_Mode_newline" url="SO_Terminal_Emulation_Modes.htm#SO_Emulation_Mode_newline" />
</key>
<key name="new releases" >
  <topic name="Feature Requests and Questions" url="Feature_Requests_and_Questi.htm" />
</key>
<key name="New session uses wizard" >
  <topic name="Global Options/General" url="GO_General.htm" />
</key>
<key name="new sessions" >
  <topic name="Connect Dialog" url="Connect_Dialog.htm" />
  <topic name="Creating a New Session with Connect" url="Creating_a_New_Session_wit-1.htm" />
  <topic name="Creating a New Session with Quick Connect" url="Creating_a_New_Session_with.htm" />
  <topic name="Sessions Overview" url="Sessions_Overview.htm" />
</key>
<key name="new windows" >
  <topic name="File Menu" url="File_Menu.htm" />
</key>
<key name="next screen" >
  <topic name="Emulation-Specific Keymappings" url="Emulation-Specific_Keymappi.htm" />
</key>
<key name="NO-OPs" >
  <topic name="Session Options/Options" url="SO_Terminal.htm" />
</key>
<key name="Normal font" >
  <topic name="Session Options/Appearance" url="SO_Terminal_Appearance.htm" />
</key>
<key name="NTLM" >
  <topic name="Using NTLM" url="Using_NTLM.htm" />
  <topic name="Session Options/Connection/Telnet" url="SO_Connection_Telnet.htm" />
</key>
<key name="numeric keypad" >
  <topic name="Session Options Emulation Modes#SO_Emulation_Mode_numkeypad" url="SO_Terminal_Emulation_Modes.htm#SO_Emulation_Mode_numkeypad" />
</key>
<key name="On each line" >
  <topic name="Session Options/Terminal/Log File" url="SO_Terminal_Log_File.htm" />
</key>
<key name="On resize" >
  <topic name="Session Options/Emulation" url="SO_Terminal_Emulation.htm" />
</key>
<key name="Only show tabs when  there are more than one" >
  <topic name="Global Options/Terminal/Tabs" url="GO_Terminal_Tabs.htm" />
</key>
<key name="opacity" >
  <topic name="Global Options/Terminal/Appearance/Advanced" url="GO_Terminal_Appearance_Advanced.htm" />
  <topic name="View Menu" url="View_Menu.htm" />
</key>
<key name="Open URL with CTRL+click" >
  <topic name="Global Options/Terminal" url="GO_Terminal.htm" />
</key>
<key name="options" >
  <topic name="Table of Standard Command-Line Options" url="Table_of_Standard_Command_L.htm" />
  <topic name="Table of Protocol-Specific Command-Line Options" url="Table_of_Protocol-Specific_.htm" />
  <topic name="Overview of Command-Line Options" url="Overview_of_Command_Line_Op.htm" />
  <topic name="Global Options/Options/Default Session" url="GO_General_Default_Session.htm" />
  <topic name="Changing Session Options" url="Changing_Session_Options.htm" />
</key>
<key name="Options menu" >
  <topic name="Options Menu" url="Options_Menu.htm" />
</key>
<key name="ordering" >
  <topic name="Help Menu" url="Help_Menu.htm" />
  <topic name="How to Order" url="How_to_Register.htm" />
</key>
<key name="Other mappings" >
  <topic name="Map Selected Key Dialog" url="Map_Selected_Key_Dialog.htm" />
  <topic name="Session Options/Emulation/Mapped Keys" url="SO_Terminal_Emulation_Mapped_Keys.htm" />
</key>
<key name="Overwrite file" >
  <topic name="Session Options/Log File" url="SO_Terminal_Log_File.htm" />
</key>
<key name="Parity" >
  <topic name="Serial Quick Connect Options" url="Serial_Quick_Connect_Option.htm" />
  <topic name="Session Options/Connection/Serial" url="SO_Connection_Serial.htm" />
</key>
<key name="pass-through printing" >
  <topic name="Global Options/Terminal/Printing" url="GO_Terminal_Printing.htm" />
</key>
<key name="passphrases" >
  <topic name="Using the Agent" url="Using_the_Agent.htm" />
  <topic name="Public-Key Authentication for SSH2" url="Public-Key_Authentication_for_SSH2.htm" />
  <topic name="Changing the Passphrase for a Private Key" url="Changing_the_Passphrase_for.htm" />
</key>
<key name="passwords" >
  <topic name="Security Considerations" url="Security_Considerations.htm" />
  <topic name="SSH1 Quick Connect Options" url="SSH1_Quick_Connect_Options.htm" />
  <topic name="SSH2 Quick Connect Options" url="SSH2_Quick_Connect_Options.htm" />
  <topic name="Session Options/Connection/SSH2" url="SO_Connection_SSH2.htm" />
  <topic name="Session Options/Connection/SSH1" url="SO_Connection_SSH1.htm" />
</key>
<key name="Paste" >
  <topic name="Edit Menu" url="Edit_Menu.htm" />
</key>
<key name="Paste on middle/right button" >
  <topic name="Copying and Pasting#Middle_Button_Paste" url="Copying_and_Pasting.htm#Middle_Button_Paste" />
  <topic name="Global Options/Terminal" url="GO_Terminal.htm" />
</key>
<key name="pasting" >
  <topic name="Copying and Pasting" url="Copying_and_Pasting.htm" />
  <topic name="Session Options/Terminal/Emulation/Mapped Keys" url="SO_Terminal_Emulation_Mapped_Keys.htm" />
</key>
<key name="PF keys" >
  <topic name="Emulation-Specific Keymappings" url="Emulation-Specific_Keymappi.htm" />
</key>
<key name="PKCS #11" >
  <topic name="Public Key Properties Dialog" url="Public_Key_Properties_Dialo.htm" />
  <topic name="Global Options/SSH2" url="GO_SSH2.htm" />
</key>
<key name="PKCS #12 files" >
  <topic name="Public Key Properties Dialog" url="Public_Key_Properties_Dialo.htm" />
  <topic name="Global Options/SSH2" url="GO_SSH2.htm" />
</key>
<key name="port forwarding" >
  <topic name="Session Options/Connection/Port Forwarding" url="SO_Connection_Port_Forwarding.htm" />
  <topic name="Session Options/Connection/Port Forwarding/Remote" url="SO_Connection_Port_Forwarding_Remote.htm" />
  <topic name="Remote Port Forwarding Properties Dialog" url="Remote_Port_Forwarding_Prop.htm" />
  <topic name="Port Forwarding With SSH" url="Port_Forwarding_With_SSH.htm" />
  <topic name="Local Port Forwarding Properties Dialog" url="Local_Port_Forwarding_Prope.htm" />
  <topic name="Configuring Port-Forwarding Filters" url="Configuring_Port-Forwarding_Filters.htm" />
</key>
<key name="position" >
  <topic name="Session Options/Appearance/Window" url="SO_Terminal_Appearance_Window.htm" />
</key>
<key name="Preferences" >
  <topic name="SecureCRT Menu" url="SecureCRT_Menu.htm" />
</key>
<key name="Preserve ALTGR international key" >
  <topic name="Session Options/Emulation/Emacs" url="SO_Terminal_Emulation_Emacs.htm" />
</key>
<key name="prev screen" >
  <topic name="Emulation-Specific Keymappings" url="Emulation-Specific_Keymappi.htm" />
</key>
<key name="Print" >
  <topic name="File Menu#FileMenu_printing" url="File_Menu.htm#FileMenu_printing" />
  <topic name="Session Options/Printing" url="SO_Terminal_Printing.htm" />
</key>
<key name="print screen" >
  <topic name="Emulation-Specific Keymappings" url="Emulation-Specific_Keymappi.htm" />
</key>
<key name="Print Selection" >
  <topic name="Edit Menu" url="Edit_Menu.htm" />
</key>
<key name="Printer fonts" >
  <topic name="Global Options/Printing" url="GO_Terminal_Printing.htm" />
  <topic name="Session Options/Printing#SO_Printing_fonts" url="SO_Terminal_Printing.htm#SO_Printing_fonts" />
</key>
<key name="Printer Setup" >
  <topic name="Session Options/Printing" url="SO_Terminal_Printing.htm" />
  <topic name="Global Options/Printing" url="GO_Terminal_Printing.htm" />
  <topic name="File Menu" url="File_Menu.htm" />
</key>
<key name="printing" >
  <topic name="File Menu" url="File_Menu.htm" />
  <topic name="Global Options/Printing" url="GO_Terminal_Printing.htm" />
  <topic name="Session Options/Printing" url="SO_Terminal_Printing.htm" />
  <key name="Auto Print" >
    <topic name="File Menu" url="File_Menu.htm" />
  </key>
  <key name="Cancel" >
    <topic name="File Menu" url="File_Menu.htm" />
  </key>
  <key name="Eject Page" >
    <topic name="File Menu" url="File_Menu.htm" />
  </key>
  <key name="fonts" >
    <topic name="Global Options/Printing" url="GO_Terminal_Printing.htm" />
    <topic name="Session Options/Printing#SO_Printing_fonts" url="SO_Terminal_Printing.htm#SO_Printing_fonts" />
  </key>
  <key name="margins" >
    <topic name="Session Options/Printing#SO_Printing_margins" url="SO_Terminal_Printing.htm#SO_Printing_margins" />
  </key>
  <key name="screens" >
    <topic name="File Menu" url="File_Menu.htm" />
  </key>
  <key name="selections" >
    <topic name="File Menu" url="File_Menu.htm" />
  </key>
  <key name="setup" >
    <topic name="File Menu" url="File_Menu.htm" />
    <topic name="Global Options/Printing" url="GO_Terminal_Printing.htm" />
    <topic name="Session Options/Printing#SO_Printing_setup" url="SO_Terminal_Printing.htm#SO_Printing_setup" />
  </key>
</key>
<key name="private key" >
  <topic name="Tools Menu" url="Tools_Menu.htm" />
</key>
<key name="private keys" >
  <topic name="Changing the Passphrase for a Private Key" url="Changing_the_Passphrase_for.htm" />
  <topic name="Key Terminology#Private_Key" url="Key_Terminology.htm#Private_Key" />
  <topic name="Public-Key Authentication for SSH1" url="Public-Key_Authentication_for_SSH1.htm" />
  <topic name="Public-Key Authentication for SSH2" url="Public-Key_Authentication_for_SSH2.htm" />
  <topic name="Using the Agent" url="Using_the_Agent.htm" />
</key>
<key name="problems" >
  <topic name="Reporting Problems" url="Reporting_Problems.htm" />
</key>
<key name="Product Announcements" >
  <topic name="Product Announcements" url="Product_Announcements.htm" />
</key>
<key name="product information" >
  <topic name="Help Menu" url="Help_Menu.htm" />
</key>
<key name="Prompt for filename" >
  <topic name="Session Options/Log File" url="SO_Terminal_Log_File.htm" />
</key>
<key name="Protocol" >
  <topic name="Session Options/Connection" url="SO_Connection.htm" />
</key>
<key name="protocols" >
  <topic name="Table of Protocol-Specific Command-Line Options" url="Table_of_Protocol-Specific_.htm" />
  <topic name="Overview of Connection Protocols" url="Overview_of_Connection_Prot.htm" />
</key>
<key name="Proxy command" >
  <topic name="Firewall Properties Dialog" url="Firewall_Properties_Dialog.htm" />
</key>
<key name="Proxy prompt" >
  <topic name="Firewall Properties Dialog" url="Firewall_Properties_Dialog.htm" />
</key>
<key name="proxy servers" >
  <topic name="Firewall Properties Dialog" url="Firewall_Properties_Dialog.htm" />
</key>
<key name="public key" >
  <topic name="Using an Exported Public Key" url="Using_an_Exported_Public_Key.htm" />
  <topic name="Tools Menu" url="Tools_Menu.htm" />
</key>
<key name="public keys" >
  <topic name="Changing the Passphrase for a Private Key" url="Changing_the_Passphrase_for.htm" />
  <topic name="Global Options/SSH2" url="GO_SSH2.htm" />
  <topic name="Key Terminology#Public_key" url="Key_Terminology.htm#Public_key" />
  <topic name="Public Key Properties Dialog" url="Public_Key_Properties_Dialo.htm" />
  <topic name="Public-Key Authentication for SSH1" url="Public-Key_Authentication_for_SSH1.htm" />
  <topic name="Public-Key Authentication for SSH2" url="Public-Key_Authentication_for_SSH2.htm" />
  <topic name="Upload Public Key Dialog" url="Upload_Public_Key_Dialog.htm" />
  <topic name="Using the Agent" url="Using_the_Agent.htm" />
</key>
<key name="public-key assistant" >
  <topic name="Upload Public Key Dialog" url="Upload_Public_Key_Dialog.htm" />
  <topic name="Tools Menu" url="Tools_Menu.htm" />
  <topic name="Public-Key Assistant Dialog" url="Public-Key_Assistant_Dialog.htm" />
</key>
<key name="public-key authentication" >
  <topic name="Public-Key Authentication for SSH1" url="Public-Key_Authentication_for_SSH1.htm" />
  <topic name="Public-Key Authentication for SSH2" url="Public-Key_Authentication_for_SSH2.htm" />
  <topic name="Public Key Properties Dialog" url="Public_Key_Properties_Dialo.htm" />
  <topic name="Key Terminology#Public_Key_Authentication" url="Key_Terminology.htm#Public_Key_Authentication" />
  <topic name="Using the Agent" url="Using_the_Agent.htm" />
  <topic name="Session Options/Connection/SSH2" url="SO_Connection_SSH2.htm" />
</key>
<key name="public-key encryption" >
  <topic name="Key Terminology#Public_Key_Encryption" url="Key_Terminology.htm#Public_Key_Encryption" />
</key>
<key name="public-private keys" >
  <topic name="Public-Key Authentication for SSH2" url="Public-Key_Authentication_for_SSH2.htm" />
  <topic name="Key Terminology" url="Key_Terminology.htm" />
</key>
<key name="purchasing" >
  <topic name="How to Order" url="How_to_Register.htm" />
</key>
<key name="questions" >
  <topic name="Reporting Problems" url="Reporting_Problems.htm" />
  <topic name="Support FAQ" url="Support_FAQ.htm" />
</key>

</indexdata>
