﻿<?xml version='1.0' encoding='utf-8' ?>
<indexdata>
<key name="256-color extensions" >
  <topic name="Xterm Escape Sequences" url="Xterm_Escape_Sequences.htm" />
</key>
<key name="8th bit" >
  <topic name="Session Options/Emulation/Advanced#SO_Emulation_Adv_8thbit" url="SO_Terminal_Emulation_Advanced.htm#SO_Emulation_Adv_8thbit" />
  <topic name="Session Options/Emulation/Emacs" url="SO_Terminal_Emulation_Emacs.htm" />
</key>
<key name="About" >
  <topic name="Help Menu" url="Help_Menu.htm" />
</key>
<key name="About SecureCRT" >
  <topic name="SecureCRT Menu" url="SecureCRT_Menu.htm" />
</key>
<key name="accelerator keys" >
  <topic name="Keyboard Accelerators" url="Keyboard_Accelerators.htm" />
</key>
<key name="Accepted host keys" >
  <topic name="Global Options/SSH2/Host Keys" url="GO_SSH_Host_Keys.htm" />
</key>
<key name="accessibility" >
  <topic name="Global Options/Appearance#GO_App_accessibility" url="GO_Terminal_Appearance.htm#GO_App_accessibility" />
</key>
<key name="Action" >
  <topic name="Map Selected Key Dialog" url="Map_Selected_Key_Dialog.htm" />
</key>
<key name="Activator" >
  <topic name="Session Options/Options" url="SO_Terminal.htm" />
  <topic name="Global Options/General" url="GO_General.htm" />
</key>
<key name="Add keys to agent" >
  <topic name="Global Options/SSH2" url="GO_SSH2.htm" />
</key>
<key name="Advanced terminal options" >
  <topic name="Session Options/Emulation/Advanced" url="SO_Terminal_Emulation_Advanced.htm" />
</key>
<key name="Agent" >
  <topic name="Using the Agent" url="Using_the_Agent.htm" />
  <topic name="Global Options/SSH2" url="GO_SSH2.htm" />
</key>
<key name="agent forwarding" >
  <topic name="Global Options/SSH2" url="GO_SSH2.htm" />
  <topic name="Using the Agent" url="Using_the_Agent.htm" />
</key>
<key name="ALT key" >
  <topic name="Session Options/Emulation/Emacs" url="SO_Terminal_Emulation_Emacs.htm" />
</key>
<key name="ALTGR" >
  <topic name="Session Options/Emulation/Emacs" url="SO_Terminal_Emulation_Emacs.htm" />
</key>
<key name="Always on Top" >
  <topic name="Session Options/Appearance/Window#SO_App_Win_alwaysontop" url="SO_Terminal_Appearance_Window.htm#SO_App_Win_alwaysontop" />
  <topic name="View Menu#ViewMenu_alwaysontop" url="View_Menu.htm#ViewMenu_alwaysontop" />
</key>
<key name="announcements" >
  <topic name="Product Announcements" url="Product_Announcements.htm" />
</key>
<key name="ANSI" >
  <topic name="Session Options/Emulation" url="SO_Terminal_Emulation.htm" />
</key>
<key name="ANSI color" >
  <topic name="Session Options/Emulation" url="SO_Terminal_Emulation.htm" />
  <topic name="Global Options/Appearance/ANSI Color" url="GO_Terminal_Appearance_ANSI_Color.htm" />
</key>
<key name="Answerback" >
  <topic name="Session Options/Emulation/Advanced#SO_Emulation_Adv_answerback" url="SO_Terminal_Emulation_Advanced.htm#SO_Emulation_Adv_answerback" />
  <topic name="Answerback Substitutions" url="Answerback_Substitutions.htm" />
</key>
<key name="Anti-idle" >
  <topic name="Session Options/Options#SO_Options_antiidle" url="SO_Terminal.htm#SO_Options_antiidle" />
  <topic name="Send String And Function Key Commands" url="Send_String_And_Function_Ke.htm" />
</key>
<key name="Appearance" >
  <topic name="Session Options/Appearance/Window" url="SO_Terminal_Appearance_Window.htm" />
  <topic name="Session Options/Appearance" url="SO_Terminal_Appearance.htm" />
  <topic name="Global Options/Appearance" url="GO_Terminal_Appearance.htm" />
  <topic name="Global Options/Appearance/ANSI Color" url="GO_Terminal_Appearance_ANSI_Color.htm" />
  <topic name="Global Options/Appearance/Color Scheme" url="GO_Terminal_Appearance_Advanced.htm" />
</key>
<key name="Append to file" >
  <topic name="Session Options/Log File" url="SO_Terminal_Log_File.htm" />
</key>
<key name="application keypad" >
  <topic name="Session Options Emulation Modes#SO_Emulation_Mode_appkeypad" url="SO_Terminal_Emulation_Modes.htm#SO_Emulation_Mode_appkeypad" />
</key>
<key name="application object" >
  <topic name="Application Object" url="Application_Object.htm" />
</key>
<key name="arguments object" >
  <topic name="Arguments Object" url="Arguments_Object.htm" />
</key>
<key name="arrange sessions" >
  <topic name="Arranging Entries in the Connect Dialog" url="Arranging_Entries_in_the_Co.htm" />
</key>
<key name="ASCII" >
  <topic name="Select Files to Send... Dialogs" url="Select_Files_to_Send..._Dia.htm" />
  <topic name="Specify Filename to Receive... Dialogs" url="Specify_Filename_to_Receive.htm" />
  <topic name="Transfer Menu" url="Transfer_Menu.htm" />
</key>
<key name="ASCII Control Codes" >
  <topic name="ASCII Control Codes" url="ASCII_Control_Codes.htm" />
</key>
<key name="Audio bell" >
  <topic name="Session Options/Options" url="SO_Terminal.htm" />
</key>
<key name="authentication" >
  <topic name="Global Options/SSH2" url="GO_SSH2.htm" />
  <topic name="SSH1 Quick Connect Options" url="SSH1_Quick_Connect_Options.htm" />
  <topic name="SSH2 Quick Connect Options" url="SSH2_Quick_Connect_Options.htm" />
  <topic name="Using the Agent" url="Using_the_Agent.htm" />
  <topic name="Public-Key Authentication for SSH1" url="Public-Key_Authentication_for_SSH1.htm" />
  <topic name="Public-Key Authentication for SSH2" url="Public-Key_Authentication_for_SSH2.htm" />
  <topic name="GSSAPI Properties Dialog" url="GSSAPI_Properties_Dialog.htm" />
  <topic name="Session Options/Connection/SSH1" url="SO_Connection_SSH1.htm" />
  <topic name="Session Options/Connection/SSH2" url="SO_Connection_SSH2.htm" />
</key>
<key name="Auto Detect" >
  <topic name="Session Options/Connection/SSH2/Advanced" url="SO_Connection_SSH2_Advanced.htm" />
</key>
<key name="Auto Print" >
  <topic name="File Menu" url="File_Menu.htm" />
</key>
<key name="Auto reconnect" >
  <topic name="Reconnecting Automatically" url="Reconnecting_Automatically.htm" />
  <topic name="Session Options/Terminal" url="SO_Terminal.htm" />
  <topic name="Global Options/Terminal" url="GO_Terminal.htm" />
</key>
<key name="Auto Save Options" >
  <topic name="Options Menu" url="Options_Menu.htm" />
</key>
<key name="Auto session setup" >
  <topic name="Starting a Session Automatically" url="Starting_a_Session_Automati.htm" />
  <topic name="Global Options/Options/Default Session" url="GO_General_Default_Session.htm" />
</key>
<key name="Automate logon" >
  <topic name="Creating Scripts" url="Creating_Scripts.htm" />
  <topic name="Session Options/Connection/Logon Scripts" url="SO_Connection_Login_Actions.htm" />
</key>
<key name="automatic connect" >
  <topic name="Starting a Session Automatically" url="Starting_a_Session_Automati.htm" />
  <topic name="Reconnecting Automatically" url="Reconnecting_Automatically.htm" />
</key>
<key name="background color" >
  <topic name="Overview of Color Schemes" url="Overview_of_Color_Schemes.htm" />
  <topic name="Creating or Modifying a Color Scheme" url="Modifying_a_Color_Scheme.htm" />
</key>
<key name="BACKSPACE key" >
  <topic name="Session Options/Emulation/Mapped Keys" url="SO_Terminal_Emulation_Mapped_Keys.htm" />
</key>
<key name="Backspace sends delete" >
  <topic name="Session Options/Emulation/Mapped Keys" url="SO_Terminal_Emulation_Mapped_Keys.htm" />
</key>
<key name="Baud rate" >
  <topic name="Serial Quick Connect Options" url="Serial_Quick_Connect_Option.htm" />
  <topic name="Session Options/Connection/Serial" url="SO_Connection_Serial.htm" />
</key>
<key name="bell" >
  <topic name="Session Options/Options" url="SO_Terminal.htm" />
</key>
<key name="binary" >
  <topic name="Select Files to Send... Dialogs" url="Select_Files_to_Send..._Dia.htm" />
  <topic name="Transfer Menu" url="Transfer_Menu.htm" />
</key>
<key name="Blinking" >
  <topic name="Session Options/Appearance#SO_App_blink" url="SO_Terminal_Appearance.htm#SO_App_blink" />
</key>
<key name="break" >
  <topic name="Emulation-Specific Keymappings" url="Emulation-Specific_Keymappi.htm" />
  <topic name="Sending a Serial Break" url="Sending_a_Serial_Break.htm" />
</key>
<key name="Buffer pass-through printing" >
  <topic name="Session Options/Terminal/Printing" url="SO_Terminal_Printing.htm" />
  <topic name="Global Options/Terminal/Printing" url="GO_Terminal_Printing.htm" />
</key>
<key name="buffers" >
  <topic name="Session Options/Emulation" url="SO_Terminal_Emulation.htm" />
</key>
<key name="bugs" >
  <topic name="Reporting Problems" url="Reporting_Problems.htm" />
</key>
<key name="Button Bar" >
  <topic name="The Button Bar" url="The_Button_Bar.htm" />
  <topic name="Session Options/Terminal/Appearance/Window" url="SO_Terminal_Appearance_Window.htm" />
  <topic name="Global Options/Terminal/Appearance" url="GO_Terminal_Appearance.htm" />
  <topic name="View Menu" url="View_Menu.htm" />
  <topic name="Map Button Dialog" url="Map_Button_Dialog.htm" />
</key>
<key name="buttons" >
  <topic name="The Toolbar" url="The_Toolbar.htm" />
  <topic name="The Button Bar" url="The_Button_Bar.htm" />
  <topic name="Map Button Dialog" url="Map_Button_Dialog.htm" />
</key>
<key name="cache" >
  <topic name="Using the Agent" url="Using_the_Agent.htm" />
</key>
<key name="Cache session password" >
  <topic name="Global Options/SSH2" url="GO_SSH2.htm" />
</key>
<key name="Cancel" >
  <topic name="File Menu" url="File_Menu.htm" />
  <topic name="Script Menu" url="Script_Menu.htm" />
</key>
<key name="Cancel Recording Script" >
  <topic name="Script Menu" url="Script_Menu.htm" />
</key>
<key name="caret" >
  <topic name="Global Options/Appearance#GO_App_accessibility" url="GO_Terminal_Appearance.htm#GO_App_accessibility" />
</key>
<key name="certificate" >
  <topic name="Tools Menu" url="Tools_Menu.htm" />
</key>
<key name="certificates" >
  <topic name="Using X.509 Certificates" url="Using_X.509_Certificates.htm" />
  <topic name="Global Options/SSH Host Keys" url="GO_SSH_Host_Keys.htm" />
  <topic name="Using an Exported Public Key" url="Using_an_Exported_Public_Key.htm" />
</key>
<key name="Change Passphrase" >
  <topic name="Public Key Properties Dialog" url="Public_Key_Properties_Dialo.htm" />
  <topic name="Global Options/SSH2" url="GO_SSH2.htm" />
</key>
<key name="Character encoding" >
  <topic name="Session Options/Appearance" url="SO_Terminal_Appearance.htm" />
  <topic name="Creating a Personal Font Map" url="Creating_a_Personal_Font_Map.htm" />
</key>
<key name="Character send delay" >
  <topic name="Session Options/Terminal/Emulation/Advanced" url="SO_Terminal_Emulation_Advanced.htm" />
</key>
<key name="chat window" >
  <topic name="Global Options/Appearance" url="GO_Terminal_Appearance.htm" />
  <topic name="Session Options/Appearance/Window" url="SO_Terminal_Appearance_Window.htm" />
  <topic name="View Menu#ViewMenu_chatwindow" url="View_Menu.htm#ViewMenu_chatwindow" />
</key>
<key name="Chat window history" >
  <topic name="Global Options/Terminal/Appearance" url="GO_Terminal_Appearance.htm" />
</key>
<key name="Check certificate revocation lists" >
  <topic name="Global Options/SSH Host Keys" url="GO_SSH_Host_Keys.htm" />
</key>
<key name="Check for Updates" >
  <topic name="Help Menu" url="Help_Menu.htm" />
</key>
<key name="ciphers" >
  <topic name="SSH1 Quick Connect Options" url="SSH1_Quick_Connect_Options.htm" />
  <topic name="Session Options/Connection/SSH2/Advanced" url="SO_Connection_SSH2_Advanced.htm" />
  <topic name="Session Options/Connection/SSH1/Advanced" url="SO_Connection_SSH1_Advanced.htm" />
</key>
<key name="Clear on disconnect" >
  <topic name="Session Options/Options#SO_Options_closeondiscon" url="SO_Terminal.htm#SO_Options_closeondiscon" />
</key>
<key name="Clear Screen" >
  <topic name="Session Options/Options" url="SO_Terminal.htm" />
  <topic name="Edit Menu#EditMenu_clearscreen" url="Edit_Menu.htm#EditMenu_clearscreen" />
</key>
<key name="Clear Screen &amp; Scrollback" >
  <topic name="Edit Menu" url="Edit_Menu.htm" />
</key>
<key name="Clear Scrollback" >
  <topic name="Edit Menu" url="Edit_Menu.htm" />
</key>
<key name="clearing scrollback buffer" >
  <topic name="Session Options/Emulation" url="SO_Terminal_Emulation.htm" />
</key>
<key name="clipboard object" >
  <topic name="Clipboard Object" url="Clipboard_Object.htm" />
</key>
<key name="Clone Session" >
  <topic name="Session Tabs" url="Session_Tabs.htm" />
  <topic name="File Menu" url="File_Menu.htm" />
</key>
<key name="Close" >
  <topic name="Session Options/Options" url="SO_Terminal.htm" />
</key>
<key name="Close on disconnect" >
  <topic name="Session Options/Options#SO_Options_closeondiscon" url="SO_Terminal.htm#SO_Options_closeondiscon" />
</key>
<key name="closing windows" >
  <topic name="Session Options/Options" url="SO_Terminal.htm" />
</key>
<key name="codepage" >
  <topic name="Creating a Personal Font Map" url="Creating_a_Personal_Font_Map.htm" />
</key>
<key name="codes" >
  <topic name="ASCII Control Codes" url="ASCII_Control_Codes.htm" />
</key>
<key name="color extensions" >
  <topic name="Xterm Escape Sequences" url="Xterm_Escape_Sequences.htm" />
</key>
<key name="color scheme" >
  <topic name="Session Options/Terminal/Emulation" url="SO_Terminal_Emulation.htm" />
</key>

</indexdata>
