﻿<?xml version='1.0' encoding='utf-8' ?>
<indexdata>
<key name="colors" >
  <topic name="Global Options/Appearance/ANSI Color" url="GO_Terminal_Appearance_ANSI_Color.htm" />
  <topic name="Global Options/Appearance/Color Scheme" url="GO_Terminal_Appearance_Advanced.htm" />
  <topic name="Creating or Modifying a Color Scheme" url="Modifying_a_Color_Scheme.htm" />
  <topic name="Overview of Color Schemes" url="Overview_of_Color_Schemes.htm" />
  <topic name="Session Options/Appearance" url="SO_Terminal_Appearance.htm" />
  <key name="color schemes" >
    <topic name="Session Options/Appearance" url="SO_Terminal_Appearance.htm" />
    <topic name="Overview of Color Schemes" url="Overview_of_Color_Schemes.htm" />
    <topic name="Global Options/Appearance/Color Scheme" url="GO_Terminal_Appearance_Advanced.htm" />
    <topic name="Creating or Modifying a Color Scheme" url="Modifying_a_Color_Scheme.htm" />
  </key>
  <key name="cursor" >
    <topic name="Overview of Color Schemes" url="Overview_of_Color_Schemes.htm" />
    <topic name="Session Options/Appearance" url="SO_Terminal_Appearance.htm" />
  </key>
</key>
<key name="columns" >
  <topic name="Session Options/Emulation" url="SO_Terminal_Emulation.htm" />
  <topic name="Global Options/Appearance" url="GO_Terminal_Appearance.htm" />
</key>
<key name="columns and rows" >
  <topic name="Session Options/Emulation" url="SO_Terminal_Emulation.htm" />
</key>
<key name="command shell" >
  <topic name="Session Options/Connection/Port Forwarding" url="SO_Connection_Port_Forwarding.htm" />
</key>
<key name="command strings" >
  <topic name="Menu Configuration Command Strings" url="Menu_Configuration_Command_.htm" />
</key>
<key name="command-line options" >
  <topic name="Overview of Command-Line Options" url="Overview_of_Command_Line_Op.htm" />
  <topic name="Table of Protocol-Specific Command-Line Options" url="Table_of_Protocol-Specific_.htm" />
  <topic name="Table of Standard Command-Line Options" url="Table_of_Standard_Command_L.htm" />
</key>
<key name="command-line usage" >
  <topic name="Table of Standard Command-Line Options" url="Table_of_Standard_Command_L.htm" />
  <topic name="Table of Protocol-Specific Command-Line Options" url="Table_of_Protocol-Specific_.htm" />
  <topic name="Overview of Command-Line Options" url="Overview_of_Command_Line_Op.htm" />
</key>
<key name="Compression" >
  <topic name="Using Compression" url="Using_Compression.htm" />
  <topic name="Session Options/Connection/SSH2/Advanced" url="SO_Connection_SSH2_Advanced.htm" />
  <topic name="Session Options/Connection/SSH1/Advanced" url="SO_Connection_SSH1_Advanced.htm" />
</key>
<key name="configuration folder" >
  <topic name="Specifying the Configuration Folder" url="Specifying_the_Configuratio.htm" />
  <topic name="General" url="GO_General.htm" />
</key>
<key name="Confirm when closing multiple tabs" >
  <topic name="Global Options/Terminal/Tabs" url="GO_Terminal_Tabs.htm" />
</key>
<key name="Connect" >
  <topic name="File Menu" url="File_Menu.htm" />
  <topic name="Connect Dialog" url="Connect_Dialog.htm" />
</key>
<key name="Connect in Tab" >
  <topic name="File Menu" url="File_Menu.htm" />
  <topic name="Session Tabs" url="Session_Tabs.htm" />
</key>
<key name="Connect SFTP Tab" >
  <topic name="File Menu" url="File_Menu.htm" />
</key>
<key name="Connect to multiple sessions sequentially" >
  <topic name="Global Options/Terminal/Advanced" url="GO_Terminal_Advanced.htm" />
</key>
<key name="Connected" >
  <topic name="Global Options/Terminal/Tabs" url="GO_Terminal_Tabs.htm" />
</key>
<key name="connecting" >
  <topic name="Arranging Entries in the Connect Dialog" url="Arranging_Entries_in_the_Co.htm" />
  <topic name="Connect Dialog" url="Connect_Dialog.htm" />
  <topic name="Connecting with the Connect Dialog" url="Connecting_with_the_Connect.htm" />
  <topic name="Connection Overview" url="Connection_Overview.htm" />
  <topic name="Creating a New Session with Connect" url="Creating_a_New_Session_wit-1.htm" />
  <topic name="Creating a New Session with Quick Connect" url="Creating_a_New_Session_with.htm" />
  <topic name="File Menu" url="File_Menu.htm" />
  <topic name="Quick Connect Dialog" url="Quick_Connect_Dialog.htm" />
  <topic name="Reconnecting Automatically" url="Reconnecting_Automatically.htm" />
  <topic name="Starting a Session Automatically" url="Starting_a_Session_Automati.htm" />
</key>
<key name="connection" >
  <topic name="Session Options/Connection/Telnet" url="SO_Connection_Telnet.htm" />
  <topic name="Session Options/Connection/SSH2/Advanced" url="SO_Connection_SSH2_Advanced.htm" />
  <topic name="Session Options/Connection/SSH2" url="SO_Connection_SSH2.htm" />
  <topic name="Session Options/Connection/SSH1" url="SO_Connection_SSH1.htm" />
  <topic name="Session Options/Connection/Serial" url="SO_Connection_Serial.htm" />
  <topic name="Session Options/Connection/Port Forwarding/Remote" url="SO_Connection_Port_Forwarding_Remote.htm" />
  <topic name="Session Options/Connection/Port Forwarding" url="SO_Connection_Port_Forwarding.htm" />
  <topic name="Session Options/Connection/Logon Scripts" url="SO_Connection_Login_Actions.htm" />
  <topic name="Session Options/Connection" url="SO_Connection.htm" />
  <topic name="Connection_Overview" url="Connection_Overview.htm" />
  <topic name="Session Options/Connection/Raw" url="SO_Connection_Raw.htm" />
</key>
<key name="control codes" >
  <topic name="ASCII Control Codes" url="ASCII_Control_Codes.htm" />
</key>
<key name="Convert Private Key to OpenSSH Format" >
  <topic name="Tools Menu" url="Tools_Menu.htm" />
</key>
<key name="Copy" >
  <topic name="Edit Menu" url="Edit_Menu.htm" />
</key>
<key name="Copy &amp; Paste" >
  <topic name="Edit Menu" url="Edit_Menu.htm" />
</key>
<key name="Copy on select" >
  <topic name="Copying and Pasting#Copy_on_Select" url="Copying_and_Pasting.htm#Copy_on_Select" />
  <topic name="Global Options/Terminal Emulation" url="GO_Terminal.htm" />
</key>
<key name="Copy translates ANSI line-drawing characters" >
  <topic name="Session Options/Terminal/Emulation/Advanced" url="SO_Terminal_Emulation_Advanced.htm" />
</key>
<key name="copying" >
  <topic name="Copying and Pasting" url="Copying_and_Pasting.htm" />
  <topic name="Session Options/Terminal/Emulation/Mapped Keys" url="SO_Terminal_Emulation_Mapped_Keys.htm" />
</key>
<key name="Copyright and Trademark Notices" >
  <topic name="Copyright and Trademark Notices" url="Copyright_and_Trademark_Not.htm" />
</key>
<key name="Create Desktop Shortcut" >
  <topic name="Starting a Session Automatically" url="Starting_a_Session_Automati.htm" />
</key>
<key name="Create Identity File" >
  <topic name="Public Key Properties Dialog" url="Public_Key_Properties_Dialo.htm" />
  <topic name="Global Options/SSH2" url="GO_SSH2.htm" />
</key>
<key name="Create Public Key" >
  <topic name="Tools Menu" url="Tools_Menu.htm" />
</key>
<key name="CTRL+TAB switches to most recently used tab" >
  <topic name="Global Options/Terminal/Tabs" url="GO_Terminal_Tabs.htm" />
</key>
<key name="CUA settings" >
  <topic name="Session Options/Terminal/Emulation/Mapped Keys" url="SO_Terminal_Emulation_Mapped_Keys.htm" />
  <topic name="Copying and Pasting" url="Copying_and_Pasting.htm" />
  <topic name="Copying and Pasting#CUA_Copy_and_Paste" url="Copying_and_Pasting.htm#CUA_Copy_and_Paste" />
</key>
<key name="Current color scheme" >
  <topic name="Session Options/Appearance" url="SO_Terminal_Appearance.htm" />
</key>
<key name="cursor" >
  <topic name="Session Options/Appearance" url="SO_Terminal_Appearance.htm" />
</key>
<key name="Cursor key mode" >
  <topic name="Session Options Emulation Modes#SO_Emulation_Mode_cursorkey" url="SO_Terminal_Emulation_Modes.htm#SO_Emulation_Mode_cursorkey" />
</key>
<key name="cursor position" >
  <topic name="Global Options/Appearance" url="GO_Terminal_Appearance.htm" />
</key>
<key name="Cursor style" >
  <topic name="Session Options/Appearance#SO_App_curstyle" url="SO_Terminal_Appearance.htm#SO_App_curstyle" />
</key>
<key name="Custom log data" >
  <topic name="Session Options/Terminal/Log File" url="SO_Terminal_Log_File.htm" />
</key>
<key name="Custom menu and toolbar file" >
  <topic name="Global Options/Terminal/Advanced" url="GO_Terminal_Advanced.htm" />
</key>
<key name="customizing" >
  <topic name="Map Selected Key Dialog" url="Map_Selected_Key_Dialog.htm" />
  <topic name="Customizing a Keymap" url="Customizing_a_Keymap.htm" />
  <topic name="Menu Configuration Command Strings" url="Menu_Configuration_Command_.htm" />
</key>
<key name="Data bits" >
  <topic name="Serial Quick Connect Options" url="Serial_Quick_Connect_Option.htm" />
  <topic name="Session Options/Connection/Serial" url="SO_Connection_Serial.htm" />
</key>
<key name="debugging connections" >
  <topic name="File Menu#FileMenu_traceoptions" url="File_Menu.htm#FileMenu_traceoptions" />
</key>
<key name="default session" >
  <topic name="Global Options/General/Default Session" url="GO_General_Default_Session.htm" />
</key>
<key name="default session options" >
  <topic name="Global Options/Options/Default Session" url="GO_General_Default_Session.htm" />
</key>
<key name="Delegation" >
  <topic name="GSSAPI Properties Dialog" url="GSSAPI_Properties_Dialog.htm" />
</key>
<key name="DELETE key" >
  <topic name="Session Options/Emulation/Mapped Keys" url="SO_Terminal_Emulation_Mapped_Keys.htm" />
</key>
<key name="Delete sends backspace" >
  <topic name="Session Options/Emulation/Mapped Keys" url="SO_Terminal_Emulation_Mapped_Keys.htm" />
</key>
<key name="delimiter characters" >
  <topic name="Copying and Pasting#Customizing_Word_Delimiter_Characters" url="Copying_and_Pasting.htm#Customizing_Word_Delimiter_Characters" />
  <topic name="Session Options/Terminal" url="SO_Terminal.htm" />
</key>
<key name="desktop shortcut" >
  <topic name="Starting a Session Automatically#Creating_a_Desktop_Shortcut_to_a_Session" url="Starting_a_Session_Automati.htm#Creating_a_Desktop_Shortcut_to_a_Session" />
</key>
<key name="Destination host" >
  <topic name="Remote Port Forwarding Properties Dialog" url="Remote_Port_Forwarding_Prop.htm" />
  <topic name="Local Port Forwarding Properties Dialog" url="Local_Port_Forwarding_Prope.htm" />
</key>
<key name="dialog object" >
  <topic name="Dialog Object" url="Dialog_Object.htm" />
</key>
<key name="dialog options" >
  <topic name="Arranging Entries in the Connect Dialog" url="Arranging_Entries_in_the_Co.htm" />
</key>
<key name="digital certificates" >
  <topic name="Global Options/SSH Host Keys" url="GO_SSH_Host_Keys.htm" />
</key>
<key name="direct pass-through printing" >
  <topic name="Session Options/Terminal/Printing" url="SO_Terminal_Printing.htm" />
  <topic name="Global Options/Terminal/Printing" url="GO_Terminal_Printing.htm" />
</key>
<key name="Direct pass-through printing to port" >
  <topic name="Global Options/Terminal/Printing" url="GO_Terminal_Printing.htm" />
  <topic name="Session Options/Terminal/Printing" url="SO_Terminal_Printing.htm" />
</key>
<key name="Disable pass-through printing" >
  <topic name="Session Options/Terminal/Printing" url="SO_Terminal_Printing.htm" />
  <topic name="Global Options/Terminal/Printing" url="GO_Terminal_Printing.htm" />
</key>
<key name="Disable resize" >
  <topic name="Session Options/Appearance/Window" url="SO_Terminal_Appearance_Window.htm" />
  <topic name="Global Options/Terminal/Advanced" url="GO_Terminal_Advanced.htm" />
</key>
<key name="Disable Zmodem" >
  <topic name="Disabling Zmodem" url="Disabling_ZModem.htm" />
  <topic name="Session Options/Terminal/Xmodem/Zmodem" url="SO_Terminal_X_Y_Zmodem.htm" />
</key>
<key name="Disconnect" >
  <topic name="File Menu" url="File_Menu.htm" />
</key>
<key name="Disconnect All" >
  <topic name="File Menu" url="File_Menu.htm" />
</key>
<key name="Disconnected" >
  <topic name="Global Options/Terminal/Tabs" url="GO_Terminal_Tabs.htm" />
</key>
<key name="disconnecting" >
  <topic name="File Menu" url="File_Menu.htm" />
  <topic name="Session Options/Options" url="SO_Terminal.htm" />
  <topic name="The Toolbar" url="The_Toolbar.htm" />
</key>
<key name="Display tab as" >
  <topic name="Session Options/Emulation/Advanced" url="SO_Terminal_Emulation_Advanced.htm" />
</key>
<key name="Do not connect automatically on startup" >
  <topic name="Global Options/General/Default Session" url="GO_General_Default_Session.htm" />
</key>
<key name="Do not request a shell" >
  <topic name="Session Options/Connection/Port Forwarding" url="SO_Connection_Port_Forwarding.htm" />
</key>
<key name="Double-click action" >
  <topic name="Global Options/Terminal/Tabs" url="GO_Terminal_Tabs.htm" />
</key>
<key name="Download" >
  <topic name="Session Options/Terminal/Xmodem/Zmodem" url="SO_Terminal_X_Y_Zmodem.htm" />
</key>
<key name="downloading files" >
  <topic name="Changing the Default File Transfer Directories" url="Changing_the_Default_File_T.htm" />
  <topic name="Downloading a File with Zmodem" url="Downloading_a_File_w_Zmodem.htm" />
  <topic name="Downloading a File with Xmodem" url="Downloading_a_File_with_XMo.htm" />
  <topic name="Overview of Xmodem" url="Overview_of_XModem.htm" />
  <topic name="Overview of Zmodem" url="Overview_of_ZModem.htm" />
  <topic name="Downloading a File with Ymodem" url="Downloading_a_File_with_Ymodem.htm" />
</key>

</indexdata>
